{"_wandb":{"runtime":517},"reward":5.7908056923281395,"steps":1000,"_timestamp":1.7451433891615717e+09,"_runtime":517.004516498,"_step":15}