{"_step":568,"reward":-37.41634899031893,"critic_loss":0.007075564935803413,"steps":500,"_timestamp":1.7455657341851902e+09,"episode":21,"step":547,"_runtime":339.473306318,"actor_loss":NaN,"_wandb":{"runtime":339}}