{"_runtime":2.661586723,"_step":9,"_wandb":{"runtime":2},"reward":-222.45688531379406,"steps":1000,"_timestamp":1.7452199611874685e+09}