{"_wandb":{"runtime":2},"reward":-351.1097669164831,"steps":1000,"_timestamp":1.745220234227191e+09,"_runtime":2.708021562,"_step":9}