{"reward":-213.79100701800584,"steps":1000,"_timestamp":1.7452801786568928e+09,"_runtime":2.5608565800000003,"_step":9,"_wandb":{"runtime":2}}