{"_step":9,"reward":-350.2240846658388,"_wandb":{"runtime":3},"steps":1000,"_timestamp":1.7452232267812397e+09,"_runtime":3.548028584}