{"_timestamp":1.7451438793153877e+09,"_runtime":2.589730121,"_step":9,"_wandb":{"runtime":2},"reward":-257.34405637227655,"steps":1000}