{"_step":9,"_wandb":{"runtime":2},"reward":-495.04950629541344,"steps":1000,"_timestamp":1.7452774269601498e+09,"_runtime":2.775226683}