{"_step":9,"reward":-240.28702036610696,"steps":1000,"_timestamp":1.7452203905444574e+09,"_wandb":{"runtime":2},"_runtime":2.672893404}