{"_runtime":1.7953272120000001,"_step":8,"reward":-257.82347332495374,"steps":1000,"_wandb":{"runtime":2},"episode":9,"_timestamp":1.7453721344849286e+09}