{"reward":-440.71230107924873,"steps":1000,"_timestamp":1.745280276406893e+09,"_runtime":2.671426907,"_wandb":{"runtime":2},"_step":9}