{"_timestamp":1.7452845234577484e+09,"_runtime":2.652394234,"_step":9,"_wandb":{"runtime":2},"reward":-237.94929469305072,"steps":1000}