{"_step":9,"_wandb":{"runtime":2},"reward":-185.21956417079608,"steps":1000,"_timestamp":1.7451424922205746e+09,"_runtime":2.607000182}