{"reward":-435.6711916016377,"steps":1000,"_timestamp":1.7452750707137032e+09,"_runtime":2.844523865,"_step":9,"_wandb":{"runtime":2}}