{"_runtime":2.630011826,"_step":9,"reward":-261.378614252434,"steps":1000,"_wandb":{"runtime":2},"_timestamp":1.7452737410023968e+09}