{"_step":9,"_wandb":{"runtime":2},"reward":-426.8493386263317,"steps":1000,"_timestamp":1.7447862368488505e+09,"_runtime":2.603397538}