{"_runtime":1.81651381,"_step":8,"_wandb":{"runtime":2},"reward":-384.8293157635645,"steps":1000,"episode":9,"_timestamp":1.7453714606023371e+09}