{"_step":23,"reward":172.03325745999012,"_wandb":{"runtime":800},"steps":1000,"_timestamp":1.745049189016975e+09,"_runtime":800.435504762}