{"_runtime":2.864643893,"_step":9,"_wandb":{"runtime":2},"reward":-199.01520260521474,"steps":1000,"_timestamp":1.7452843410097613e+09}