{"_timestamp":1.7447845080115175e+09,"_runtime":86.503804217,"_step":9000,"reward":-324.34761365916046,"_wandb":{"runtime":86},"steps":9000}