{"steps":1000,"_timestamp":1.745295343612594e+09,"_wandb":{"runtime":1949},"_runtime":1949.450053399,"_step":31,"reward":-60.89209091304529}