{"steps":1000,"_timestamp":1.74478742246186e+09,"_runtime":2.6016426,"_step":9,"_wandb":{"runtime":2},"reward":-367.5262346299646}