{"steps":1000,"_timestamp":1.7452854045921814e+09,"_runtime":2.539018441,"_step":9,"_wandb":{"runtime":2},"reward":-354.8773803404074}