{"_wandb":{"runtime":2},"_step":9,"reward":-200.8164523653722,"steps":1000,"_timestamp":1.7452846193145418e+09,"_runtime":2.8655970760000002}