{"_step":9,"reward":-413.0204739256854,"_wandb":{"runtime":90},"steps":1000,"_timestamp":1.7452205547122805e+09,"_runtime":90.443168889}