{"reward":-220.25606267395295,"steps":1000,"_timestamp":1.7452202656504765e+09,"_runtime":2.6988414179999998,"_step":9,"_wandb":{"runtime":2}}