{"_wandb":{"runtime":2},"reward":-380.2546969849413,"steps":1000,"_timestamp":1.745220438594132e+09,"_runtime":2.749846385,"_step":9}