{"_runtime":2.640064235,"_step":9,"reward":-266.9367397646611,"steps":1000,"_timestamp":1.7451424408166268e+09,"_wandb":{"runtime":2}}