{"_timestamp":1.7452231443378406e+09,"_runtime":2.9333415990000002,"_step":9,"_wandb":{"runtime":2},"reward":-225.2648013468448,"steps":1000}